Domain,Price,Status,Date,Type,Bids
PieterTenHoopen.com,5250,SOLD,2026-02-06,Dropped,38
DirectHotel.com,2800,SOLD,2026-02-06,Dropped,84
Daolabs.com,1900,SOLD,2026-02-06,Dropped,68
LittleBigh.com,1801,SOLD,2026-02-06,Dropped,25
MagPro.com,1900,SOLD,2026-02-06,Dropped,95
OpenEditions.com,1405,SOLD,2026-02-06,Dropped,31
MibuToyMuseum.com,1300,SOLD,2026-02-06,Dropped,20
ArcParcelService.com,1600,SOLD,2026-02-06,Private Seller,51
Sdbn.com,1205,SOLD,2026-02-06,Dropped,92
CastingOnline.com,1200,SOLD,2026-02-06,Dropped,52
dmaoto.com,1000,SOLD,2026-02-06,Private Seller,31
SublimeAleHouse.com,957,SOLD,2026-02-06,Private Seller,26
SambaBet.com,3401,SOLD,2026-02-06,Dropped,80
gitesinsolitesdesologne.com,800,SOLD,2026-02-06,Private Seller,3
CrazyTravel.com,800,SOLD,2026-02-06,Dropped,47
ArcticBuzzIceCream.com,819,SOLD,2026-02-06,Private Seller,45
ACopia.com,1304,SOLD,2026-02-06,Dropped,68
CraftyLabs.com,600,SOLD,2026-02-06,Dropped,55
costaspizzaandgrill.com,475,SOLD,2026-02-06,Private Seller,25
trendist.com,1200,SOLD,2026-02-06,Pre-Release,64
DeviGo.com,1510,SOLD,2026-02-06,Dropped,71
Leatherly.com,1211,SOLD,2026-02-06,Dropped,50
PandaWaBaliBeach.com,461,SOLD,2026-02-06,Dropped,17
ChatAsk.com,717,SOLD,2026-02-06,Pre-Release,50
BedfordAndBurns.com,400,SOLD,2026-02-06,Private Seller,27
FestivalDeLimaGinAire.com,389,SOLD,2026-02-06,Dropped,15
phobinhwestheimer.com,377,SOLD,2026-02-06,Private Seller,29
PrepOnline.com,493,SOLD,2026-02-06,Dropped,58
NexusA.com,339,SOLD,2026-02-06,Dropped,21
MirrorTone.com,350,SOLD,2026-02-06,Private Seller,28
VisionDubai.com,326,SOLD,2026-02-06,Dropped,30
MegaCursOs.com,509,SOLD,2026-02-06,Dropped,23
AuRavel.com,285,SOLD,2026-02-06,Dropped,26
Djju.com,300,SOLD,2026-02-06,Dropped,50
NuWire.com,460,SOLD,2026-02-06,Dropped,44
JYNV.com,270,SOLD,2026-02-06,Private Seller,22
CityApi.com,431,SOLD,2026-02-06,Dropped,22
eylm.com,425,SOLD,2026-02-06,Private Seller,19
thenationalpetshow.com,444,SOLD,2026-02-06,Private Seller,31
ClawDai.com,222,SOLD,2026-02-06,Dropped,21
Lohika.com,300,SOLD,2026-02-06,Dropped,26
LandfillEditions.com,260,SOLD,2026-02-06,Dropped,19
BraveBeer.com,385,SOLD,2026-02-06,Dropped,22
Aldab.com,220,SOLD,2026-02-06,Private Seller,21
Bezuu.com,220,SOLD,2026-02-06,Private Seller,21
FeelMakers.com,200,SOLD,2026-02-06,Dropped,10
EarlyWineRacing.com,200,SOLD,2026-02-06,Private Seller,21
BARBRUNELLO.COM,200,SOLD,2026-02-06,Private Seller,20
HouseIsland.com,364,SOLD,2026-02-06,Dropped,33
EquiNate.com,176,SOLD,2026-02-06,Dropped,16
jobspeed.com,265,SOLD,2026-02-06,Pre-Release,24
BettyRawKer.com,304,SOLD,2026-02-06,Dropped,24
aegen.com,159,SOLD,2026-02-06,Pre-Release,12
HorseConsulting.com,165,SOLD,2026-02-06,Dropped,17
Jyglgz.com,504,SOLD,2026-02-06,Dropped,36
SamPhone.com,150,SOLD,2026-02-06,Dropped,15
bcexchange.com,448,SOLD,2026-02-06,Pre-Release,43
MESHABLE.COM,447,SOLD,2026-02-06,Pre-Release,28
ActiveRoot.com,293,SOLD,2026-02-06,Dropped,22
EmeraldVilla.com,224,SOLD,2026-02-06,Dropped,24
YourLovely.com,383,SOLD,2026-02-06,Pre-Release,41
TtInsurance.com,239,SOLD,2026-02-06,Dropped,25
NovaCognition.com,111,SOLD,2026-02-06,Dropped,12
MAGICSTREAMS.COM,170,SOLD,2026-02-06,Pre-Release,24
AmiTrade.com,324,SOLD,2026-02-06,Dropped,30
ThebestReview.com,103,SOLD,2026-02-06,Pre-Release,17
SalonCrushMadrid.com,171,SOLD,2026-02-06,Dropped,18
xkij.com,100,SOLD,2026-02-06,Private Seller,11
SilverWed.com,504,SOLD,2026-02-06,Dropped,36
Hncbgs.com,504,SOLD,2026-02-06,Dropped,36
CampingShirts.com,170,SOLD,2026-02-06,Dropped,17
StPetEarCadeBar.com,84,SOLD,2026-02-06,Private Seller,7
BashanGe.com,504,SOLD,2026-02-06,Dropped,36
CopraShedFiji.com,654,SOLD,2026-02-06,Dropped,40
RaysAuto.com,84,SOLD,2026-02-06,Dropped,9
LyruiyUn.com,504,SOLD,2026-02-06,Dropped,36
memsis.com,100,SOLD,2026-02-06,Pre-Release,20
DxCode.com,374,SOLD,2026-02-06,Dropped,35
Cdrdf.com,74,SOLD,2026-02-06,Dropped,5
MorganMetal.com,89,SOLD,2026-02-06,Dropped,8
Sovlit.com,140,SOLD,2026-02-06,Dropped,13
DnaTuning.com,69,SOLD,2026-02-06,Dropped,4
ShiYuanMiye.com,69,SOLD,2026-02-06,Dropped,4
Rapeh.com,558,Active,2026-02-06,Dropped,43
SdxiaOYuan.com,69,SOLD,2026-02-06,Dropped,4
MicroFounders.com,69,SOLD,2026-02-06,Dropped,4
HnllFood.com,69,SOLD,2026-02-06,Dropped,4
Hxdqsc.com,69,SOLD,2026-02-06,Dropped,4
Rookley.com,121,SOLD,2026-02-06,Pre-Release,22
Zsppgl.com,64,SOLD,2026-02-06,Dropped,3
CHuangWeigz.com,64,SOLD,2026-02-06,Dropped,3
PrairieBrand.com,69,SOLD,2026-02-06,Dropped,4
Ucdmpm.com,64,SOLD,2026-02-06,Dropped,3
UnCustomary.com,69,SOLD,2026-02-06,Dropped,4
TantricCoach.com,99,SOLD,2026-02-06,Dropped,11
NestRental.com,64,SOLD,2026-02-06,Dropped,3
ExclusivePreview.com,64,SOLD,2026-02-06,Dropped,3
QQfuzhu.com,84,SOLD,2026-02-06,Dropped,7
NudeCelebDb.com,64,SOLD,2026-02-06,Dropped,3
Saasm.com,130,SOLD,2026-02-06,Pre-Release,27
BuyAtUs.com,59,SOLD,2026-02-06,Private Seller,1
FarFax.com,59,SOLD,2026-02-06,Dropped,3
MindTheStack.com,59,SOLD,2026-02-06,Dropped,2
TeachRussian.com,59,SOLD,2026-02-06,Private Seller,1
ManWisdom.com,59,SOLD,2026-02-06,Dropped,2
BsCatering.com,59,SOLD,2026-02-06,Private Seller,1
JewelDubai.com,59,SOLD,2026-02-06,Private Seller,1
MannaPort.com,59,SOLD,2026-02-06,Dropped,2
HotelArgo.com,159,SOLD,2026-02-06,Dropped,17
HzjsTeam.com,59,SOLD,2026-02-06,Dropped,2
DecorDubai.com,59,SOLD,2026-02-06,Private Seller,1
SaudeEmDia.com,75,SOLD,2026-02-06,Pre-Release,14
CraftDome.com,53,SOLD,2026-02-06,Pre-Release,9
RapidBloom.com,50,SOLD,2026-02-06,Pre-Release,1
EverEats.com,50,SOLD,2026-02-06,Pre-Release,1
RealmFlow.com,50,SOLD,2026-02-06,Pre-Release,1
LeithAl.com,68,SOLD,2026-02-06,Pre-Release,11
ScopeBuilding.com,48,SOLD,2026-02-06,Pre-Release,8
ClaudiaSilva.com,86,SOLD,2026-02-06,Pre-Release,16
CasiLia.com,74,SOLD,2026-02-06,Pre-Release,13
SunnyEscorts.com,48,SOLD,2026-02-06,Dropped,8
JeuneHomme.com,57,SOLD,2026-02-06,Pre-Release,7
MomentsEvent.com,38,SOLD,2026-02-06,Pre-Release,7
Autogarantie.com,38,SOLD,2026-02-06,Pre-Release,6
FLASHWING.COM,68,SOLD,2026-02-06,Pre-Release,13
TapTera.com,30,SOLD,2026-02-06,Pre-Release,1
TechnoLawgy.com,28,SOLD,2026-02-06,Pre-Release,4
queenswine.com,38,SOLD,2026-02-06,Pre-Release,6
NextIck.com,68,SOLD,2026-02-06,Pre-Release,12
HourNewsMag.com,28,SOLD,2026-02-06,Dropped,5
TendersFreshfood.com,143,SOLD,2026-02-06,Dropped,23
Koodl.com,25,SOLD,2026-02-06,Pre-Release,4
happyclippings.com,25,SOLD,2026-02-06,Private Seller,2
CateringParty.com,24,SOLD,2026-02-06,Pre-Release,4
WowStone.com,23,SOLD,2026-02-06,Pre-Release,3
Eduarea.com,53,SOLD,2026-02-06,Pre-Release,9
Sitess.com,90,SOLD,2026-02-06,Pre-Release,17
Overlok.com,33,SOLD,2026-02-06,Pre-Release,7
MacondoNyc.com,160,SOLD,2026-02-06,Pre-Release,27
Epicales.com,23,SOLD,2026-02-06,Pre-Release,3
BarringtonForColorado.com,23,SOLD,2026-02-06,Dropped,4
CookingToat.com,143,SOLD,2026-02-06,Pre-Release,13
WebOld.com,190,SOLD,2026-02-06,Pre-Release,28
EmmaMcdonald.com,29,SOLD,2026-02-06,Pre-Release,5
CivilCafe.com,18,SOLD,2026-02-06,Pre-Release,2
AceTheRaceOnline.com,18,SOLD,2026-02-06,Dropped,2
AlvorPizza.com,18,SOLD,2026-02-06,Dropped,2
BtechAdda.com,18,SOLD,2026-02-06,Pre-Release,2
MarbellaAzul.com,60,SOLD,2026-02-06,Pre-Release,11
BreakthroughLifeCoaching.com,18,SOLD,2026-02-06,Pre-Release,2
LabStor.com,104,SOLD,2026-02-06,Pre-Release,24
KViews.com,18,SOLD,2026-02-06,Dropped,2
PimpAgency.com,18,SOLD,2026-02-06,Pre-Release,2
HerbaClinic.com,18,SOLD,2026-02-06,Pre-Release,2
TamirMerkezi.com,28,SOLD,2026-02-06,Pre-Release,4
FresnoDaycare.com,18,SOLD,2026-02-06,Pre-Release,2
SilverVendor.com,15,SOLD,2026-02-06,Private Seller,1
BetterCookbook.com,15,SOLD,2026-02-06,Private Seller,1
PugShirts.com,13,SOLD,2026-02-06,Pre-Release,1
EstCost.com,13,SOLD,2026-02-06,Pre-Release,1
PhdMember.com,13,SOLD,2026-02-06,Pre-Release,1
mumbaisuburbs.com,13,SOLD,2026-02-06,Pre-Release,1
KingRoyals.com,13,SOLD,2026-02-06,Pre-Release,1
ProCorn.com,13,SOLD,2026-02-06,Pre-Release,1
Caufe.com,13,SOLD,2026-02-06,Pre-Release,1
AndroidSteam.com,13,SOLD,2026-02-06,Pre-Release,1
RileyCat.com,13,SOLD,2026-02-06,Pre-Release,1
SanHour.com,13,SOLD,2026-02-06,Pre-Release,1
NestBible.com,13,SOLD,2026-02-06,Pre-Release,1
trinityhiphop.com,13,SOLD,2026-02-06,Pre-Release,1
TodaysZ.com,13,SOLD,2026-02-06,Pre-Release,1
GreatBabySupplies.com,13,SOLD,2026-02-06,Pre-Release,1
MsYard.com,13,SOLD,2026-02-06,Pre-Release,1
ComicHere.com,13,SOLD,2026-02-06,Pre-Release,1
TibetThanKa.com,13,SOLD,2026-02-06,Dropped,1
BikeOils.com,13,SOLD,2026-02-06,Pre-Release,1
ConnectGifts.com,13,SOLD,2026-02-06,Pre-Release,1
MelodyPizza.com,13,SOLD,2026-02-06,Pre-Release,1
StorySecond.com,13,SOLD,2026-02-06,Dropped,1
JsNail.com,13,SOLD,2026-02-06,Pre-Release,1
KazanIs.com,23,SOLD,2026-02-06,Pre-Release,3
Helanke.com,202,SOLD,2026-02-06,Pre-Release,29
PhiladelphiaTransport.com,13,SOLD,2026-02-06,Pre-Release,1
MagicalShopping.com,13,SOLD,2026-02-06,Pre-Release,1
BarbequeBill.com,13,SOLD,2026-02-06,Pre-Release,1
CryptogamEz.com,13,SOLD,2026-02-06,Pre-Release,1
JutrAssigns.com,13,SOLD,2026-02-06,Dropped,1
SumCreate.com,13,SOLD,2026-02-06,Dropped,1
KazuWorld.com,13,SOLD,2026-02-06,Dropped,1
TranZoPay.com,13,SOLD,2026-02-06,Dropped,1
ImiOhio.com,13,SOLD,2026-02-06,Dropped,1
CdqfxX.com,13,SOLD,2026-02-06,Dropped,1
AhJlGd.com,13,SOLD,2026-02-06,Dropped,1
WurstBariNthesQuare.com,13,SOLD,2026-02-06,Dropped,1
CatoctinPottery.com,13,SOLD,2026-02-06,Dropped,1
MySanTan.com,13,SOLD,2026-02-06,Dropped,1
Nokme.com,13,SOLD,2026-02-06,Dropped,1
NonstandardInstitute.com,13,SOLD,2026-02-06,Dropped,1
JunkyardArtist.com,13,SOLD,2026-02-06,Dropped,1
AveryAoDesign.com,13,SOLD,2026-02-06,Dropped,1
ZhouZhouGame.com,13,SOLD,2026-02-06,Dropped,1
Gzkzs.com,13,SOLD,2026-02-06,Dropped,1
LelAide.com,13,SOLD,2026-02-06,Dropped,1
Bbqwld.com,13,SOLD,2026-02-06,Dropped,1
PowerFabExcavators.com,13,SOLD,2026-02-06,Dropped,1
UaefaxMarketing.com,13,SOLD,2026-02-06,Dropped,1
LoiseaUsaBlier.com,13,SOLD,2026-02-06,Dropped,1
CoxFolk.com,13,SOLD,2026-02-06,Dropped,1
Yslwsw.com,13,SOLD,2026-02-06,Dropped,1
Mkjkbj.com,13,SOLD,2026-02-06,Dropped,1
CamaForteDesign.com,13,SOLD,2026-02-06,Dropped,1
GenPuro.com,13,SOLD,2026-02-06,Dropped,1
AskFlorine.com,13,SOLD,2026-02-06,Dropped,1
SerenaMore.com,13,SOLD,2026-02-06,Dropped,1
YnheChina.com,13,SOLD,2026-02-06,Dropped,1
ElojodeUk.com,13,SOLD,2026-02-06,Dropped,1
Hzjujiao.com,13,SOLD,2026-02-06,Dropped,1
NwpuedU.com,13,SOLD,2026-02-06,Dropped,1
EliseePpDesign.com,13,SOLD,2026-02-06,Dropped,1
DongTamLongan.com,13,SOLD,2026-02-06,Dropped,1
GirlsFart.com,13,SOLD,2026-02-06,Pre-Release,1
PeaceNick.com,13,SOLD,2026-02-06,Pre-Release,1
HeroInn.com,13,SOLD,2026-02-06,Pre-Release,1
ThePussyProject.COM,13,SOLD,2026-02-06,Pre-Release,1
ViralUk.com,13,SOLD,2026-02-06,Pre-Release,1
BagHug.com,13,SOLD,2026-02-06,Pre-Release,1
EvolutionarySchool.com,13,SOLD,2026-02-06,Pre-Release,1
EftFree.com,13,SOLD,2026-02-06,Pre-Release,1
BadSchwalbach.com,13,SOLD,2026-02-06,Pre-Release,1
IpInFocus.com,13,SOLD,2026-02-06,Pre-Release,1
PuzzleSeries.com,13,SOLD,2026-02-06,Pre-Release,1
WellVersedIn.com,13,SOLD,2026-02-06,Pre-Release,1
VideosAutos.com,13,SOLD,2026-02-06,Pre-Release,1
WeixuaNka.com,13,SOLD,2026-02-06,Pre-Release,1
PhegData.com,13,SOLD,2026-02-06,Pre-Release,1
MaisMe.com,13,SOLD,2026-02-06,Pre-Release,1
StopTheDot.com,13,SOLD,2026-02-06,Pre-Release,1
gadgytech.com,13,SOLD,2026-02-06,Pre-Release,1
SzGlory.com,13,SOLD,2026-02-06,Pre-Release,1
ZhiboJu.com,13,SOLD,2026-02-06,Pre-Release,1
WilliamPdAvis.com,13,SOLD,2026-02-06,Pre-Release,1
ZhanHuiXinXi.com,13,SOLD,2026-02-06,Pre-Release,1
AndreaLove.com,13,SOLD,2026-02-06,Pre-Release,1
AdComing.com,18,SOLD,2026-02-06,Pre-Release,2
VeryNails.com,13,SOLD,2026-02-06,Pre-Release,1
HackneyServiceCentre.com,13,SOLD,2026-02-06,Dropped,1
TsDesignStudio.com,13,SOLD,2026-02-06,Pre-Release,1
PeterLive.com,13,SOLD,2026-02-06,Pre-Release,1
AudioSeaStories.com,13,SOLD,2026-02-06,Dropped,1
NorColdClassaction.com,13,SOLD,2026-02-06,Dropped,1
